<?xml version="1.0" encoding="utf-8"?>
<doc>
  <assembly>
    <name>GenericsTest</name>
  </assembly>
  <members>
    <member name="T:GenericsTest.Table`2">
      <summary> Triggers an exception. </summary>
    </member>
    <member name="M:GenericsTest.Table`2.#ctor">
      <summary>Initializes a new instance of the <see cref="T:GenericsTest.Table`2"></see> class.</summary>
    </member>
    <member name="M:GenericsTest.Table`2.apa(System.Int32@)">
      <summary> Apas the specified bepa. </summary>
      <param>The bepa.</param>
    </member>
    <member name="M:GenericsTest.Table`2.test(GenericsTest.Class`3.cEnum[[System.Int32, mscorlib, Version=2.0.0.0, Culture=neutral, PublicKeyToken=b77a5c561934e089],[System.Int32, mscorlib, Version=2.0.0.0, Culture=neutral, PublicKeyToken=b77a5c561934e089],[System.Int32, mscorlib, Version=2.0.0.0, Culture=neutral, PublicKeyToken=b77a5c561934e089]]@)">
    </member>
    <member name="T:GenericsTest.Class`3">
      <summary> publik statik klass SClass </summary>
    </member>
    <member name="M:GenericsTest.Class`3.#ctor">
      <summary>Initializes a new instance of the <see cref="T:GenericsTest.Class`3"></see> class.</summary>
    </member>
    <member name="M:GenericsTest.Class`3.Test(`0)">
      <summary> Tests the specified type. </summary>
      <param>The type.</param>
    </member>
    <member name="T:GenericsTest.Class1`1">
      <summary> Ja ja class1 </summary>
    </member>
    <member name="M:GenericsTest.Class1`1.#ctor">
      <summary>Initializes a new instance of the <see cref="T:GenericsTest.Class1`1"></see> class.</summary>
    </member>
    <member name="F:GenericsTest.Class1`1.gurka">
      <summary> Gurkspad i långa banor. </summary>
    </member>
    <member name="F:GenericsTest.Class1`1.test">
      <summary> Test field </summary>
    </member>
    <member name="P:GenericsTest.Class1`1.theProperty">
      <summary> Gets the property. </summary>
    </member>
    <member name="P:GenericsTest.Class1`1.Item(Converter`2)">
    </member>
    <member name="M:GenericsTest.Class1`1.ConvertAll``1(System.Converter{`0,``0})">
      <summary> public List </summary>
      <param>
      </param>
    </member>
    <member name="M:GenericsTest.Class1`1.GetA``1(``0)">
      <summary> Gets the A. </summary>
      <param>The apa.</param>
    </member>
    <member name="M:GenericsTest.Class1`1.GetT">
      <summary> Gets the T. </summary>
    </member>
    <member name="M:GenericsTest.Class1`1.op_Equality(GenericsTest.Class1{`0},`0)">
      <summary> operator == </summary>
      <param>
      </param>
      <param>
      </param>
    </member>
    <member name="M:GenericsTest.Class1`1.op_Inequality(GenericsTest.Class1{`0},`0)">
      <summary> operator != </summary>
      <param>
      </param>
      <param>
      </param>
    </member>
    <member name="M:GenericsTest.Class1`1.op_Implicit(`0[])~GenericsTest.Class1`1[T]">
    </member>
    <member name="E:GenericsTest.Class1`1.theEvent">
      <summary> EventHandler </summary>
    </member>
    <member name="T:GenericsTest.Class1`1.EventClass`1">
      <summary> public class EventClass&lt;TT&gt; : EventArgs { } </summary>
    </member>
    <member name="M:GenericsTest.Class1`1.EventClass`1.#ctor">
      <summary>Initializes a new instance of the <see cref="T:GenericsTest.Class1`1.EventClass`1"></see> class.</summary>
    </member>
    <member name="T:GenericsTest.IGen`1">
      <summary> public interface IGen(T) </summary>
    </member>
    <member name="M:GenericsTest.IGen`1.Test(`0)">
      <summary> Tests the specified type. </summary>
      <param>The type.</param>
    </member>
    <member name="T:GenericsTest.SStruct`3">
      <summary> Sss </summary>
    </member>
    <member name="F:GenericsTest.SStruct`3.apa">
      <summary> gurka </summary>
    </member>
    <member name="F:GenericsTest.SStruct`3.bepa">
      <summary> banan </summary>
    </member>
    <member name="F:GenericsTest.SStruct`3.depa">
      <summary> citron </summary>
    </member>
    <member name="T:GenericsTest.apa`2">
      <summary> Hej hopp apa. </summary>
      <param>apa o1</param>
      <param>apa o2</param>
    </member>
    <member name="T:GenericsTest.Class`3.cEnum">
      <summary> Torsk </summary>
    </member>
    <member name="F:GenericsTest.Class`3.cEnum.hejsan">
      <summary> hoppsan </summary>
    </member>
    <member name="T:GenericsTest.SStruct`3.sEnum">
      <summary> haj </summary>
    </member>
    <member name="F:GenericsTest.SStruct`3.sEnum.hej">
      <summary> hopp </summary>
    </member>
  </members>
</doc>