<?xml version="1.0"?>
<doc>
    <assembly>
        <name>NDoc.Documenter.Intellisense</name>
    </assembly>
    <members>
        <member name="T:NDoc.Documenter.Intellisense.StyleSheetCollection">
            <summary>
            The collection of xslt stylesheets used to generate the Html
            </summary>
        </member>
        <member name="M:NDoc.Documenter.Intellisense.StyleSheetCollection.LoadStyleSheets(System.String)">
            <summary>
            Load the predefined set of xslt stylesheets into a dictionary
            </summary>
            <param name="extensibilityStylesheet"></param>
            <returns>The populated collection</returns>
        </member>
        <member name="P:NDoc.Documenter.Intellisense.StyleSheetCollection.Item(System.String)">
            <summary>
            Return a named stylesheet from the collection
            </summary>
        </member>
        <member name="T:NDoc.Documenter.Intellisense.IntellisenseDocumenterConfig">
            <summary>
            Config settings for the native Intellisense Documenter
            </summary>
        </member>
        <member name="M:NDoc.Documenter.Intellisense.IntellisenseDocumenterConfig.#ctor(NDoc.Documenter.Intellisense.IntellisenseDocumenterInfo)">
            <summary>
            Creates a new <see cref="T:NDoc.Documenter.Intellisense.IntellisenseDocumenterConfig"/> instance.
            </summary>
        </member>
        <member name="M:NDoc.Documenter.Intellisense.IntellisenseDocumenterConfig.CreateDocumenter">
            <summary>
            Creates an instance of a documenter <see cref="M:NDoc.Core.IDocumenterConfig.CreateDocumenter"/>
            </summary>
            <returns>IDocumenter instance</returns>		
        </member>
        <member name="P:NDoc.Documenter.Intellisense.IntellisenseDocumenterConfig.OutputDirectory">
            <summary>Gets or sets the OutputDirectory property.</summary>
            <remarks>The folder where the root of the HTML set will be located.
            This can be absolute or relative from the .ndoc project file.</remarks>
        </member>
        <member name="P:NDoc.Documenter.Intellisense.IntellisenseDocumenterConfig.ExcludeNameSpaceDocClasses">
            <summary>
            Gets or sets a value indicating whether to exclude 'NameSpaceDoc' classes.
            </summary>
        </member>
        <member name="P:NDoc.Documenter.Intellisense.IntellisenseDocumenterConfig.UseNamespaceDocSummaries">
            <summary>
            
            </summary>
        </member>
        <member name="P:NDoc.Documenter.Intellisense.IntellisenseDocumenterConfig.AssemblyVersionInfo">
            <summary>
            
            </summary>
        </member>
        <member name="P:NDoc.Documenter.Intellisense.IntellisenseDocumenterConfig.AutoDocumentConstructors">
            <summary>
            
            </summary>
        </member>
        <member name="P:NDoc.Documenter.Intellisense.IntellisenseDocumenterConfig.AutoPropertyBackerSummaries">
            <summary>
            
            </summary>
        </member>
        <member name="P:NDoc.Documenter.Intellisense.IntellisenseDocumenterConfig.CopyrightHref">
            <summary>
            
            </summary>
        </member>
        <member name="P:NDoc.Documenter.Intellisense.IntellisenseDocumenterConfig.CopyrightText">
            <summary>
            
            </summary>
        </member>
        <member name="P:NDoc.Documenter.Intellisense.IntellisenseDocumenterConfig.FeedbackEmailAddress">
            <summary>
            
            </summary>
        </member>
        <member name="P:NDoc.Documenter.Intellisense.IntellisenseDocumenterConfig.DocumentAttributes">
            <summary>
            
            </summary>
        </member>
        <member name="P:NDoc.Documenter.Intellisense.IntellisenseDocumenterConfig.DocumentedAttributes">
            <summary>
            
            </summary>
        </member>
        <member name="P:NDoc.Documenter.Intellisense.IntellisenseDocumenterConfig.DocumentInheritedAttributes">
            <summary>
            
            </summary>
        </member>
        <member name="P:NDoc.Documenter.Intellisense.IntellisenseDocumenterConfig.ShowTypeIdInAttributes">
            <summary>
            
            </summary>
        </member>
        <member name="P:NDoc.Documenter.Intellisense.IntellisenseDocumenterConfig.DocumentInheritedFrameworkMembers">
            <summary>
            
            </summary>
        </member>
        <member name="P:NDoc.Documenter.Intellisense.IntellisenseDocumenterConfig.DocumentInheritedMembers">
            <summary>
            
            </summary>
        </member>
        <member name="P:NDoc.Documenter.Intellisense.IntellisenseDocumenterConfig.Preliminary">
            <summary>
            
            </summary>
        </member>
        <member name="P:NDoc.Documenter.Intellisense.IntellisenseDocumenterConfig.IncludeDefaultThreadSafety">
            <summary>
            
            </summary>
        </member>
        <member name="P:NDoc.Documenter.Intellisense.IntellisenseDocumenterConfig.InstanceMembersDefaultToSafe">
            <summary>
            
            </summary>
        </member>
        <member name="P:NDoc.Documenter.Intellisense.IntellisenseDocumenterConfig.StaticMembersDefaultToSafe">
            <summary>
            
            </summary>
        </member>
        <member name="P:NDoc.Documenter.Intellisense.IntellisenseDocumenterConfig.DocumentEmptyNamespaces">
            <summary>
            
            </summary>
        </member>
        <member name="P:NDoc.Documenter.Intellisense.IntellisenseDocumenterConfig.ShowMissingParams">
            <summary>
            
            </summary>
        </member>
        <member name="P:NDoc.Documenter.Intellisense.IntellisenseDocumenterConfig.ShowMissingRemarks">
            <summary>
            
            </summary>
        </member>
        <member name="P:NDoc.Documenter.Intellisense.IntellisenseDocumenterConfig.ShowMissingReturns">
            <summary>
            
            </summary>
        </member>
        <member name="P:NDoc.Documenter.Intellisense.IntellisenseDocumenterConfig.ShowMissingSummaries">
            <summary>
            
            </summary>
        </member>
        <member name="P:NDoc.Documenter.Intellisense.IntellisenseDocumenterConfig.ShowMissingValues">
            <summary>
            
            </summary>
        </member>
        <member name="P:NDoc.Documenter.Intellisense.IntellisenseDocumenterConfig.SdkDocLanguage">
            <summary>
            
            </summary>
        </member>
        <member name="P:NDoc.Documenter.Intellisense.IntellisenseDocumenterConfig.SdkDocVersion">
            <summary>
            
            </summary>
        </member>
        <member name="P:NDoc.Documenter.Intellisense.IntellisenseDocumenterConfig.CleanIntermediates">
            <summary>
            
            </summary>
        </member>
        <member name="T:NDoc.Documenter.Intellisense.IntellisenseDocumenter">
            <summary>
            
            </summary>
        </member>
        <member name="M:NDoc.Documenter.Intellisense.IntellisenseDocumenter.#ctor(NDoc.Documenter.Intellisense.IntellisenseDocumenterConfig)">
            <summary>
            Creates a new <see cref="T:NDoc.Documenter.Intellisense.IntellisenseDocumenter"/> instance.
            </summary>
        </member>
        <member name="M:NDoc.Documenter.Intellisense.IntellisenseDocumenter.View">
            <summary>
            Views this instance.
            </summary>
        </member>
        <member name="M:NDoc.Documenter.Intellisense.IntellisenseDocumenter.Build(NDoc.Core.Project)">
            <summary>
            Builds the specified project.
            </summary>
            <param name="project">Project.</param>
        </member>
        <member name="P:NDoc.Documenter.Intellisense.IntellisenseDocumenter.MainOutputFile">
            <summary>
            Gets the main output file.
            </summary>
            <value></value>
        </member>
        <member name="T:NDoc.Documenter.Intellisense.IntellisenseDocumenterInfo">
            <summary>
            Information about the Documenter
            </summary>
        </member>
        <member name="M:NDoc.Documenter.Intellisense.IntellisenseDocumenterInfo.#ctor">
            <summary>
            Creates a new instance of the class
            </summary>
        </member>
        <member name="M:NDoc.Documenter.Intellisense.IntellisenseDocumenterInfo.CreateConfig">
            <summary>
            See <see cref="M:NDoc.Core.IDocumenterInfo.CreateConfig"/>
            </summary>
            <returns>A config instance</returns>
        </member>
    </members>
</doc>
