﻿<?xml version="1.0" encoding="utf-8"?><ndoc SchemaVersion="1.4"><threadsafety static="true" instance="false" /><namespaceHierarchies><namespaceHierarchy name="GenericsTest"><hierarchyType id="T:System.Object" displayName="Object" namespace="System"><hierarchyType id="T:GenericsTest.Class`3" displayName="Class&lt;X,Y,Z&gt;" namespace="GenericsTest"><hierarchyInterfaces><hierarchyInterface id="T:GenericsTest.IGen`1" displayName="IGen&lt;T&gt;" namespace="GenericsTest" fullName="GenericsTest.IGen`1" /></hierarchyInterfaces></hierarchyType><hierarchyType id="T:GenericsTest.Class1`1" displayName="Class1&lt;T&gt;" namespace="GenericsTest" /><hierarchyType id="T:GenericsTest.IGen`1" displayName="IGen&lt;T&gt;" namespace="GenericsTest" /><hierarchyType id="T:GenericsTest.Table`2" displayName="Table&lt;TKey,TValue&gt;" namespace="GenericsTest" /><hierarchyType id="T:System.Delegate" displayName="Delegate" namespace="System"><hierarchyInterfaces><hierarchyInterface id="T:System.ICloneable" displayName="ICloneable" namespace="System" fullName="System.ICloneable" /><hierarchyInterface id="T:System.Runtime.Serialization.ISerializable" displayName="ISerializable" namespace="System.Runtime.Serialization" fullName="System.Runtime.Serialization.ISerializable" /></hierarchyInterfaces><hierarchyType id="T:System.MulticastDelegate" displayName="MulticastDelegate" namespace="System"><hierarchyType id="T:GenericsTest.apa`2" displayName="apa&lt;X,Y&gt;" namespace="GenericsTest" /></hierarchyType></hierarchyType><hierarchyType id="T:System.EventArgs" displayName="EventArgs" namespace="System"><hierarchyType id="T:GenericsTest.Class1`1.EventClass`1" displayName="Class1&lt;T&gt;.EventClass&lt;TT&gt;" namespace="GenericsTest" /></hierarchyType><hierarchyType id="T:System.ValueType" displayName="ValueType" namespace="System"><hierarchyType id="T:GenericsTest.SStruct`3" displayName="SStruct&lt;X,Y,Z&gt;" namespace="GenericsTest" /><hierarchyType id="T:System.Enum" displayName="Enum" namespace="System"><hierarchyInterfaces><hierarchyInterface id="T:System.IComparable" displayName="IComparable" namespace="System" fullName="System.IComparable" /><hierarchyInterface id="T:System.IConvertible" displayName="IConvertible" namespace="System" fullName="System.IConvertible" /><hierarchyInterface id="T:System.IFormattable" displayName="IFormattable" namespace="System" fullName="System.IFormattable" /></hierarchyInterfaces><hierarchyType id="T:GenericsTest.Class`3.cEnum" displayName="Class&lt;X,Y,Z&gt;.cEnum" namespace="GenericsTest" /><hierarchyType id="T:GenericsTest.SStruct`3.sEnum" displayName="SStruct&lt;X,Y,Z&gt;.sEnum" namespace="GenericsTest" /></hierarchyType></hierarchyType></hierarchyType></namespaceHierarchy></namespaceHierarchies><assembly name="GenericsTest"><module name="GenericsTest.dll"><namespace name="GenericsTest"><class name="Table`2" displayName="Table&lt;TKey,TValue&gt;" namespace="GenericsTest" id="T:GenericsTest.Table`2" access="Public"><documentation><summary> Triggers an exception. </summary>
            <typeparam name="TKey">key</typeparam>
            <typeparam name="TValue">Value</typeparam></documentation><genericArgument name="TKey" position="0" constraint="None" /><genericArgument name="TValue" position="1" constraint="None" /><constructor name=".ctor" id="M:GenericsTest.Table`2.#ctor" access="Public" contract="Normal"><documentation><summary>Initializes a new instance of the <see cref="T:GenericsTest.Table`2" /> class.</summary></documentation></constructor><method name="apa" id="M:GenericsTest.Table`2.apa(System.Int32@)" access="Public" contract="Normal" returnType="System.Void" displayReturnType="Void" valueType="true"><documentation><summary> Apas the specified bepa. </summary>
            <param name="bepa">The bepa.</param></documentation><parameter name="bepa" type="System.Int32@" displayName="Int32&amp;" valueType="false" direction="out" /></method><method name="test" id="M:GenericsTest.Table`2.test(GenericsTest.Class`3.cEnum[[System.Int32, mscorlib, Version=2.0.0.0, Culture=neutral, PublicKeyToken=b77a5c561934e089],[System.Int32, mscorlib, Version=2.0.0.0, Culture=neutral, PublicKeyToken=b77a5c561934e089],[System.Int32, mscorlib, Version=2.0.0.0, Culture=neutral, PublicKeyToken=b77a5c561934e089]]@)" access="Public" contract="Normal" returnType="System.Void" displayReturnType="Void" valueType="true"><parameter name="refOut" type="GenericsTest.Class`3.cEnum[[System.Int32, mscorlib, Version=2.0.0.0, Culture=neutral, PublicKeyToken=b77a5c561934e089],[System.Int32, mscorlib, Version=2.0.0.0, Culture=neutral, PublicKeyToken=b77a5c561934e089],[System.Int32, mscorlib, Version=2.0.0.0, Culture=neutral, PublicKeyToken=b77a5c561934e089]]@" displayName="cEnum&amp;" valueType="false" direction="ref" /></method><method name="GetType" id="M:GenericsTest.Table`2.GetType" access="Public" contract="Normal" returnType="System.Type" displayReturnType="Type" valueType="false" declaringName="System.Object" declaringType="System.Object"><documentation><summary>Gets the <see cref="T:System.Type"></see> of the current instance.</summary></documentation></method><method name="MemberwiseClone" id="M:GenericsTest.Table`2.MemberwiseClone" access="Family" contract="Normal" returnType="System.Object" displayReturnType="Object" valueType="false" declaringName="System.Object" declaringType="System.Object"><documentation><summary>Creates a shallow copy of the current <see cref="T:System.Object"></see>.</summary></documentation></method><method name="ToString" id="M:GenericsTest.Table`2.ToString" access="Public" contract="Virtual" returnType="System.String" displayReturnType="String" valueType="false" declaringName="System.Object" declaringType="System.Object"><documentation><summary>Returns a <see cref="T:System.String"></see> that represents the current <see cref="T:System.Object"></see>.</summary></documentation></method><method name="Equals" id="M:GenericsTest.Table`2.Equals(System.Object)" access="Public" contract="Virtual" returnType="System.Boolean" displayReturnType="Boolean" valueType="true" declaringName="System.Object" declaringType="System.Object"><documentation><summary>Determines whether the specified <see cref="T:System.Object"></see> is equal to the current <see cref="T:System.Object"></see>.</summary></documentation><parameter name="obj" type="System.Object" displayName="Object" valueType="false" /></method><method name="GetHashCode" id="M:GenericsTest.Table`2.GetHashCode" access="Public" contract="Virtual" returnType="System.Int32" displayReturnType="Int32" valueType="true" declaringName="System.Object" declaringType="System.Object"><documentation><summary>Serves as a hash function for a particular type. <see cref="M:System.Object.GetHashCode" nolink="true"></see> is suitable for use in hashing algorithms and data structures like a hash table.</summary></documentation></method><method name="Finalize" id="M:GenericsTest.Table`2.Finalize" access="Family" contract="Override" returnType="System.Void" displayReturnType="Void" valueType="true" declaringName="System.Object" declaringType="System.Object"><documentation><summary>Allows an <see cref="T:System.Object"></see> to attempt to free resources and perform other cleanup operations before the <see cref="T:System.Object"></see> is reclaimed by garbage collection.</summary></documentation></method></class><class name="Class`3" displayName="Class&lt;X,Y,Z&gt;" namespace="GenericsTest" id="T:GenericsTest.Class`3" access="Public"><documentation><summary> publik statik klass SClass </summary>
            <typeparam name="X"></typeparam>
            <typeparam name="Y"></typeparam>
            <typeparam name="Z"></typeparam></documentation><implements type="GenericsTest.IGen`1" displayType="IGen&lt;X&gt;" namespace="GenericsTest" /><genericArgument name="X" position="0" constraint="None" /><genericArgument name="Y" position="1" constraint="None" /><genericArgument name="Z" position="2" constraint="None" /><constructor name=".ctor" id="M:GenericsTest.Class`3.#ctor" access="Public" contract="Normal"><documentation><summary>Initializes a new instance of the <see cref="T:GenericsTest.Class`3" /> class.</summary></documentation></constructor><method name="Test" id="M:GenericsTest.Class`3.Test(`0)" access="Public" contract="Final" returnType="System.Void" displayReturnType="Void" valueType="true"><documentation><summary> Tests the specified type. </summary>
            <param name="type">The type.</param></documentation><parameter name="type" type="`0" displayName="Class&lt;X,Y,Z&gt;.X" valueType="false" /><implements name="Test" id="M:GenericsTest.IGen`1.Test(`0)" interface="IGen&lt;X&gt;" interfaceId="T:GenericsTest.IGen`1" declaringName="GenericsTest.IGen`1" declaringType="GenericsTest.IGen`1" /></method><method name="GetType" id="M:GenericsTest.Class`3.GetType" access="Public" contract="Normal" returnType="System.Type" displayReturnType="Type" valueType="false" declaringName="System.Object" declaringType="System.Object"><documentation><summary>Gets the <see cref="T:System.Type"></see> of the current instance.</summary></documentation></method><method name="MemberwiseClone" id="M:GenericsTest.Class`3.MemberwiseClone" access="Family" contract="Normal" returnType="System.Object" displayReturnType="Object" valueType="false" declaringName="System.Object" declaringType="System.Object"><documentation><summary>Creates a shallow copy of the current <see cref="T:System.Object"></see>.</summary></documentation></method><method name="ToString" id="M:GenericsTest.Class`3.ToString" access="Public" contract="Virtual" returnType="System.String" displayReturnType="String" valueType="false" declaringName="System.Object" declaringType="System.Object"><documentation><summary>Returns a <see cref="T:System.String"></see> that represents the current <see cref="T:System.Object"></see>.</summary></documentation></method><method name="Equals" id="M:GenericsTest.Class`3.Equals(System.Object)" access="Public" contract="Virtual" returnType="System.Boolean" displayReturnType="Boolean" valueType="true" declaringName="System.Object" declaringType="System.Object"><documentation><summary>Determines whether the specified <see cref="T:System.Object"></see> is equal to the current <see cref="T:System.Object"></see>.</summary></documentation><parameter name="obj" type="System.Object" displayName="Object" valueType="false" /></method><method name="GetHashCode" id="M:GenericsTest.Class`3.GetHashCode" access="Public" contract="Virtual" returnType="System.Int32" displayReturnType="Int32" valueType="true" declaringName="System.Object" declaringType="System.Object"><documentation><summary>Serves as a hash function for a particular type. <see cref="M:System.Object.GetHashCode" nolink="true"></see> is suitable for use in hashing algorithms and data structures like a hash table.</summary></documentation></method><method name="Finalize" id="M:GenericsTest.Class`3.Finalize" access="Family" contract="Override" returnType="System.Void" displayReturnType="Void" valueType="true" declaringName="System.Object" declaringType="System.Object"><documentation><summary>Allows an <see cref="T:System.Object"></see> to attempt to free resources and perform other cleanup operations before the <see cref="T:System.Object"></see> is reclaimed by garbage collection.</summary></documentation></method></class><class name="Class1`1" displayName="Class1&lt;T&gt;" namespace="GenericsTest" id="T:GenericsTest.Class1`1" access="Public"><documentation><summary> Ja ja class1 </summary>
            <typeparam name="T">lass öäå</typeparam></documentation><genericArgument name="T" position="0" constraint="None"><constraintType type="System.Collections.Generic.Comparer{`0}" displayName="Comparer&lt;T&gt;" /></genericArgument><constructor name=".ctor" id="M:GenericsTest.Class1`1.#ctor" access="Public" contract="Normal"><documentation><summary>Initializes a new instance of the <see cref="T:GenericsTest.Class1`1" /> class.</summary></documentation></constructor><field name="gurka" displayName="gurka" id="F:GenericsTest.Class1`1.gurka" access="Public" contract="Normal" type="GenericsTest.apa{`0,System.String}" displayType="apa&lt;T,String&gt;" valueType="false"><documentation><summary> Gurkspad i långa banor. </summary></documentation></field><field name="test" displayName="test" id="F:GenericsTest.Class1`1.test" access="Public" contract="Normal" type="GenericsTest.SStruct{`0,`0,`0}" displayType="SStruct&lt;T,T,T&gt;" valueType="true"><documentation><summary> Test field </summary></documentation></field><property name="theProperty" id="P:GenericsTest.Class1`1.theProperty" access="Public" contract="Normal" type="GenericsTest.apa{`0,System.Int32}" displayName="apa&lt;T,Int32&gt;" valueType="false" get="true" set="false"><documentation><summary> Gets the property. </summary>
            <value>The property.</value></documentation></property><property name="Item" id="P:GenericsTest.Class1`1.Item(Converter`2)" access="Public" contract="Normal" type="System.Int32" displayName="Int32" valueType="true" get="true" set="false"><parameter name="t" type="System.Converter{`0,System.Int32}" displayName="Converter&lt;T,Int32&gt;" valueType="false" /></property><method name="ConvertAll" id="M:GenericsTest.Class1`1.ConvertAll``1(System.Converter{`0,``0})" access="Public" contract="Normal" returnType="System.Collections.Generic.List{``0}" displayReturnType="List&lt;TOutput&gt;" valueType="false"><documentation><summary> public List </summary>
            <typeparam name="TOutput"></typeparam>
            <param name="converter"></param>
            <returns></returns></documentation><genericArgument name="TOutput" position="0" constraint="None" /><parameter name="converter" type="System.Converter{`0,``0}" displayName="Converter&lt;T,TOutput&gt;" valueType="false" /></method><method name="GetA" id="M:GenericsTest.Class1`1.GetA``1(``0)" access="Public" contract="Normal" returnType="System.Action{``0}" displayReturnType="Action&lt;TT&gt;" valueType="false"><documentation><summary> Gets the A. </summary>
            <param name="Apa">The apa.</param>
            <returns></returns></documentation><genericArgument name="TT" position="0" constraint="None" /><parameter name="Apa" type="``0" displayName="Class1&lt;T&gt;.TT" valueType="false" /></method><method name="GetT" id="M:GenericsTest.Class1`1.GetT" access="Public" contract="Normal" returnType="GenericsTest.Class1{`0}" displayReturnType="Class1&lt;T&gt;" valueType="false"><documentation><summary> Gets the T. </summary>
            <returns></returns></documentation></method><method name="GetType" id="M:GenericsTest.Class1`1.GetType" access="Public" contract="Normal" returnType="System.Type" displayReturnType="Type" valueType="false" declaringName="System.Object" declaringType="System.Object"><documentation><summary>Gets the <see cref="T:System.Type"></see> of the current instance.</summary></documentation></method><method name="MemberwiseClone" id="M:GenericsTest.Class1`1.MemberwiseClone" access="Family" contract="Normal" returnType="System.Object" displayReturnType="Object" valueType="false" declaringName="System.Object" declaringType="System.Object"><documentation><summary>Creates a shallow copy of the current <see cref="T:System.Object"></see>.</summary></documentation></method><method name="ToString" id="M:GenericsTest.Class1`1.ToString" access="Public" contract="Virtual" returnType="System.String" displayReturnType="String" valueType="false" declaringName="System.Object" declaringType="System.Object"><documentation><summary>Returns a <see cref="T:System.String"></see> that represents the current <see cref="T:System.Object"></see>.</summary></documentation></method><method name="Equals" id="M:GenericsTest.Class1`1.Equals(System.Object)" access="Public" contract="Virtual" returnType="System.Boolean" displayReturnType="Boolean" valueType="true" declaringName="System.Object" declaringType="System.Object"><documentation><summary>Determines whether the specified <see cref="T:System.Object"></see> is equal to the current <see cref="T:System.Object"></see>.</summary></documentation><parameter name="obj" type="System.Object" displayName="Object" valueType="false" /></method><method name="GetHashCode" id="M:GenericsTest.Class1`1.GetHashCode" access="Public" contract="Virtual" returnType="System.Int32" displayReturnType="Int32" valueType="true" declaringName="System.Object" declaringType="System.Object"><documentation><summary>Serves as a hash function for a particular type. <see cref="M:System.Object.GetHashCode" nolink="true"></see> is suitable for use in hashing algorithms and data structures like a hash table.</summary></documentation></method><method name="Finalize" id="M:GenericsTest.Class1`1.Finalize" access="Family" contract="Override" returnType="System.Void" displayReturnType="Void" valueType="true" declaringName="System.Object" declaringType="System.Object"><documentation><summary>Allows an <see cref="T:System.Object"></see> to attempt to free resources and perform other cleanup operations before the <see cref="T:System.Object"></see> is reclaimed by garbage collection.</summary></documentation></method><operator name="op_Equality" id="M:GenericsTest.Class1`1.op_Equality(GenericsTest.Class1{`0},`0)" access="Public" contract="Static" returnType="`0" displayReturnType="Class1&lt;T&gt;.T" valueType="false"><documentation><summary> operator == </summary>
            <param name="t"></param>
            <param name="y"></param>
            <returns></returns></documentation><parameter name="t" type="GenericsTest.Class1{`0}" displayName="Class1&lt;T&gt;" valueType="false" /><parameter name="y" type="`0" displayName="Class1&lt;T&gt;.T" valueType="false" /></operator><operator name="op_Inequality" id="M:GenericsTest.Class1`1.op_Inequality(GenericsTest.Class1{`0},`0)" access="Public" contract="Static" returnType="`0" displayReturnType="Class1&lt;T&gt;.T" valueType="false"><documentation><summary> operator != </summary>
            <param name="t"></param>
            <param name="y"></param>
            <returns></returns></documentation><parameter name="t" type="GenericsTest.Class1{`0}" displayName="Class1&lt;T&gt;" valueType="false" /><parameter name="y" type="`0" displayName="Class1&lt;T&gt;.T" valueType="false" /></operator><operator name="op_Implicit" id="M:GenericsTest.Class1`1.op_Implicit(`0[])~GenericsTest.Class1`1[T]" access="Public" contract="Static" returnType="GenericsTest.Class1{`0}" displayReturnType="Class1&lt;T&gt;" valueType="false"><parameter name="f" type="`0[]" displayName="T[]" valueType="false" /></operator><event name="theEvent" id="E:GenericsTest.Class1`1.theEvent" access="Public" contract="Normal" type="System.EventHandler{GenericsTest.EventClass{`0,`0}}" displayName="EventHandler&lt;EventClass`1&gt;" valueType="false" multicast="true"><documentation><summary> EventHandler </summary></documentation></event></class><class name="Class1`1.EventClass`1" displayName="Class1&lt;T&gt;.EventClass&lt;TT&gt;" namespace="GenericsTest" id="T:GenericsTest.Class1`1.EventClass`1" access="NestedPublic" baseType="EventArgs"><documentation><summary> public class EventClass&lt;TT&gt; : EventArgs { } </summary>
            <typeparam name="TT"></typeparam></documentation><base name="EventArgs" id="T:System.EventArgs" displayName="EventArgs" namespace="System" /><genericArgument name="T" position="0" constraint="None"><constraintType type="System.Collections.Generic.Comparer{`0}" displayName="Comparer&lt;T&gt;" /></genericArgument><genericArgument name="TT" position="1" constraint="None" /><constructor name=".ctor" id="M:GenericsTest.Class1`1.EventClass`1.#ctor" access="Public" contract="Normal"><documentation><summary>Initializes a new instance of the <see cref="T:GenericsTest.Class1`1.EventClass`1" /> class.</summary></documentation></constructor><method name="GetType" id="M:GenericsTest.Class1`1.EventClass`1.GetType" access="Public" contract="Normal" returnType="System.Type" displayReturnType="Type" valueType="false" declaringName="System.Object" declaringType="System.Object"><documentation><summary>Gets the <see cref="T:System.Type"></see> of the current instance.</summary></documentation></method><method name="MemberwiseClone" id="M:GenericsTest.Class1`1.EventClass`1.MemberwiseClone" access="Family" contract="Normal" returnType="System.Object" displayReturnType="Object" valueType="false" declaringName="System.Object" declaringType="System.Object"><documentation><summary>Creates a shallow copy of the current <see cref="T:System.Object"></see>.</summary></documentation></method><method name="ToString" id="M:GenericsTest.Class1`1.EventClass`1.ToString" access="Public" contract="Virtual" returnType="System.String" displayReturnType="String" valueType="false" declaringName="System.Object" declaringType="System.Object"><documentation><summary>Returns a <see cref="T:System.String"></see> that represents the current <see cref="T:System.Object"></see>.</summary></documentation></method><method name="Equals" id="M:GenericsTest.Class1`1.EventClass`1.Equals(System.Object)" access="Public" contract="Virtual" returnType="System.Boolean" displayReturnType="Boolean" valueType="true" declaringName="System.Object" declaringType="System.Object"><documentation><summary>Determines whether the specified <see cref="T:System.Object"></see> is equal to the current <see cref="T:System.Object"></see>.</summary></documentation><parameter name="obj" type="System.Object" displayName="Object" valueType="false" /></method><method name="GetHashCode" id="M:GenericsTest.Class1`1.EventClass`1.GetHashCode" access="Public" contract="Virtual" returnType="System.Int32" displayReturnType="Int32" valueType="true" declaringName="System.Object" declaringType="System.Object"><documentation><summary>Serves as a hash function for a particular type. <see cref="M:System.Object.GetHashCode" nolink="true"></see> is suitable for use in hashing algorithms and data structures like a hash table.</summary></documentation></method><method name="Finalize" id="M:GenericsTest.Class1`1.EventClass`1.Finalize" access="Family" contract="Override" returnType="System.Void" displayReturnType="Void" valueType="true" declaringName="System.Object" declaringType="System.Object"><documentation><summary>Allows an <see cref="T:System.Object"></see> to attempt to free resources and perform other cleanup operations before the <see cref="T:System.Object"></see> is reclaimed by garbage collection.</summary></documentation></method></class><interface name="IGen`1" displayName="IGen&lt;T&gt;" namespace="GenericsTest" id="T:GenericsTest.IGen`1" access="Public"><documentation><summary> public interface IGen(T) </summary>
            <typeparam name="T">Typ kommentar.</typeparam></documentation><implementedBy id="T:GenericsTest.Class`3" displayName="Class&lt;X,Y,Z&gt;" namespace="GenericsTest" /><method name="Test" id="M:GenericsTest.IGen`1.Test(`0)" access="Public" contract="Abstract" returnType="System.Void" displayReturnType="Void" valueType="true"><documentation><summary> Tests the specified type. </summary>
            <param name="type">The type.</param></documentation><parameter name="type" type="`0" displayName="IGen&lt;T&gt;.T" valueType="false" /></method></interface><structure name="SStruct`3" displayName="SStruct&lt;X,Y,Z&gt;" namespace="GenericsTest" id="T:GenericsTest.SStruct`3" access="Public"><documentation><summary> Sss </summary>
            <typeparam name="X">typeparam name="X"</typeparam>
            <typeparam name="Y"></typeparam>
            <typeparam name="Z"></typeparam></documentation><base name="ValueType" id="T:System.ValueType" displayName="ValueType" namespace="System" /><genericArgument name="X" position="0" constraint="None" /><genericArgument name="Y" position="1" constraint="None" /><genericArgument name="Z" position="2" constraint="None" /><field name="apa" displayName="apa" id="F:GenericsTest.SStruct`3.apa" access="Public" contract="Normal" type="`0" displayType="SStruct&lt;X,Y,Z&gt;.X" valueType="false"><documentation><summary> gurka </summary></documentation></field><field name="bepa" displayName="bepa" id="F:GenericsTest.SStruct`3.bepa" access="Public" contract="Normal" type="`1" displayType="SStruct&lt;X,Y,Z&gt;.Y" valueType="false"><documentation><summary> banan </summary></documentation></field><field name="depa" displayName="depa" id="F:GenericsTest.SStruct`3.depa" access="Public" contract="Normal" type="`2" displayType="SStruct&lt;X,Y,Z&gt;.Z" valueType="false"><documentation><summary> citron </summary></documentation></field><method name="GetHashCode" id="M:GenericsTest.SStruct`3.GetHashCode" access="Public" contract="Override" returnType="System.Int32" displayReturnType="Int32" valueType="true" declaringName="System.ValueType" declaringType="System.ValueType"><documentation><summary>Returns the hash code for this instance.</summary></documentation></method><method name="Equals" id="M:GenericsTest.SStruct`3.Equals(System.Object)" access="Public" contract="Override" returnType="System.Boolean" displayReturnType="Boolean" valueType="true" declaringName="System.ValueType" declaringType="System.ValueType"><documentation><summary>Indicates whether this instance and a specified object are equal.</summary></documentation><parameter name="obj" type="System.Object" displayName="Object" valueType="false" /></method><method name="ToString" id="M:GenericsTest.SStruct`3.ToString" access="Public" contract="Override" returnType="System.String" displayReturnType="String" valueType="false" declaringName="System.ValueType" declaringType="System.ValueType"><documentation><summary>Returns the fully qualified type name of this instance.</summary></documentation></method><method name="GetType" id="M:GenericsTest.SStruct`3.GetType" access="Public" contract="Normal" returnType="System.Type" displayReturnType="Type" valueType="false" declaringName="System.Object" declaringType="System.Object"><documentation><summary>Gets the <see cref="T:System.Type"></see> of the current instance.</summary></documentation></method></structure><delegate name="apa`2" displayName="apa&lt;X,Y&gt;" namespace="GenericsTest" id="T:GenericsTest.apa`2" access="Public" returnType="System.Void" displayReturnType="Void" valueType="true"><documentation><summary> Hej hopp apa. </summary>
            <typeparam name="X">apa X</typeparam>
            <typeparam name="Y">apa Y</typeparam>
            <param name="o1">apa o1</param>
            <param name="o2">apa o2</param></documentation><parameter name="o1" type="`0" displayName="apa&lt;X,Y&gt;.X" valueType="false" /><parameter name="o2" type="`1" displayName="apa&lt;X,Y&gt;.Y" valueType="false" /></delegate><enumeration name="Class`3.cEnum" id="T:GenericsTest.Class`3.cEnum" displayName="Class&lt;X,Y,Z&gt;.cEnum" namespace="GenericsTest" access="NestedPublic"><documentation><summary> Torsk </summary></documentation><field name="hejsan" displayName="hejsan" id="F:GenericsTest.Class`3.cEnum.hejsan" access="Public" contract="Static" type="GenericsTest.cEnum{`0,`1,`2}" displayType="Class&lt;X,Y,Z&gt;.cEnum" valueType="true" literal="true" value="8"><documentation><summary> hoppsan </summary></documentation></field></enumeration><enumeration name="SStruct`3.sEnum" id="T:GenericsTest.SStruct`3.sEnum" displayName="SStruct&lt;X,Y,Z&gt;.sEnum" namespace="GenericsTest" access="NestedPublic"><documentation><summary> haj </summary></documentation><field name="hej" displayName="hej" id="F:GenericsTest.SStruct`3.sEnum.hej" access="Public" contract="Static" type="GenericsTest.sEnum{`0,`1,`2}" displayType="SStruct&lt;X,Y,Z&gt;.sEnum" valueType="true" literal="true" value="7"><documentation><summary> hopp </summary></documentation></field></enumeration></namespace></module></assembly></ndoc>