<page>
	<title>NDOC - Code Documentation Generator for .NET</title>
	<body>
		<p>NDoc generates class libraries documentation from .NET assemblies 
and the XML documentation files generated by the C# compiler (or an add-on 
tool for VB.NET).</p>

		<p>NDoc uses add-on documenters to generate documentation 
in several different formats, including the MSDN-style HTML Help format 
(.chm), the Visual Studio .NET Help format (HTML Help 2), and 
<a href="http://msdn.microsoft.com/library/en-us/cpref/html/cpref_start.asp" title="View the MSDN Library" target="_blank">
MSDN-online</a> style web pages.</p>

		<p>The NDoc source code is freely available under a certified 
		<a href="http://www.opensource.org/" title="Learn more about the Open Source Initiative" target="_blank">
		Open Source</a> license. We welcome everyone to use our software in 
		the hopes that they can provide feedback, submit bug reports and 
		fixes, or even join us as a developer!</p>
	</body>
</page>
