<html>
	<head>
		<title><insert-title /></title>
		<link rel="stylesheet" type="text/css" href="style.css" />
	</head>
	<body>
		<table id="page">
			<tr id="head">
				<td id="title"><a href="http://ndoc.sf.net/">ndoc.sf.net</a></td>
				<td id="links">
					<!-- <a href="">foo</a> |
					<a href="">bar</a> |
					<a href="">baz</a> |
					<a href="">quux</a> -->
				</td>
			</tr>
			<tr id="body">
				<td id="left">
					<insert-links />
				</td>
				<td id="content">
					<div id="tag"><insert-title /></div>
					<insert-body />
					<div id="foot">
						<a href="http://validator.w3.org/check/referer"><img src="http://www.w3.org/Icons/valid-xhtml10" alt="Valid XHTML 1.0!" width="88" height="31" /></a>
						<a href="http://sourceforge.net/"><img src="http://sourceforge.net/sflogo.php?group_id=13899&amp;type=1" alt="SourceForge Logo" width="88" height="31" /></a>
					</div>
				</td>
			</tr>
		</table>
	</body>
</html>
