<?xml version="1.0" encoding="utf-8" ?>
<page>
	<title>NDOC Resources</title>
	<body>
		<p>A few articles and tutorials on NDoc:</p>
		<ul>
			<li><a href="http://www.oreillynet.com/pub/a/dotnet/2002/12/09/ndoc.html" target="_blank">
			Using NDoc: Adding World-Class Documentation to Your .NET Components</a>, 
			by Shawn Van Ness</li>

			<li><a href="http://fogwater.com/Dotnet/Creatingclassdocumentatio.html" target="_blank">
			Creating class documentation with NDoc</a>, 
			by Rick Harris</li>

			<li><a href="http://www.codeproject.com/csharp/CSharpCommentingandDocs.asp" target="_blank">
			C# Documenting and Commenting</a>, 
			by Patrick Long</li>

			<li><a href="http://www.squiffler.com/squiffler/article.aspx?id=1" target="_blank">
			Documenting C# with XML comments </a>, 
			by Ollie Cornes</li>
		</ul>
		
		<p>VB .NET programmers can also document their code with:</p>
		<ul>
			<li>
				<a href="http://www.gotdotnet.com/Community/Workspaces/Workspace.aspx?id=112b5449-f702-46e2-87fa-86bdf39a17dd" target="_blank">
				VBCommenter PowerToy</a>
			</li>
			<li>
				<a href="http://vb-doc.sourceforge.net/" target="_blank">VB.DOC - generate xml comments from VB source files</a>
			</li>
			<li>
				<a href="http://www.fesersoft.com/products/VBXmlComments/" target="_blank">VB.NET XML Comments Creator</a>
			</li>
			<li>
				<a href="http://vbxmldoc.tor-erik.net/" target="_blank">VBXC - VB.NET XML Commentor</a>
			</li>
		</ul>
		
		<p>The following links might be useful to NDoc users:</p>
		<ul>
			<li>
				<a href="http://nant.sf.net/" target="_blank">NAnt - includes an NDoc task for automating documentation builds</a>
			</li>
		</ul>

		<p>If you'd like a link added to this list, just let <a href="mailto:jason@injektilo.org">us</a> know!</p>
	</body>
</page>
