<page>
	<title>NDOC Users</title>
	<body>
		<p>The following companies use NDoc to document their .NET libraries:</p>
		<ul>
			<li><a href="http://www.bokf.com/">BOK Financial Corporation</a></li>
			<li><a href="http://www.computerjobs.com/">ComputerJobs.com</a></li>
			<li><a href="http://csgl.sourceforge.net/">The CsGL Team</a></li>
			<li><a href="http://www.ExclamationSoft.com/">ExclamationSoft</a></li>
			<li><a href="http://www.hermes-softlab.com/">HERMES SoftLab</a></li>
			<li><a href="http://www.immedient.com/">Immedient</a></li>
			<li><a href="http://www.intel.com/">Intel Corporation</a></li>
			<li><a href="http://www.mendotains.com/">Mendota Insurance</a></li>
			<li><a href="http://www.fwp.state.mt.us/">Montana Fish, Wildlife and Parks</a></li>
			<li><a href="https://sourceforge.net/projects/odch">Open Direct Connect Hub</a></li>
			<li><a href="http://www.richtextbox.com/">RichTextBox.com</a></li>
			<li><a href="http://www.webcom.cz/eng_default.htm">WEBCOM a.s.</a></li>
			<li><a href="http://www.xceedsoft.com/">Xceed Software Inc.</a></li>
		</ul>
		<p>If you'd like a link to your company added to this list, just let <a href="mailto:jason@injektilo.org">us</a> know!</p>
	</body>
</page>
